i,w,rad,j1,j2,factor_e,exact_e_0,factor_c,calc_e_0
44,44,0.767944870877505,0.6946583704589973,0.7193398003386512,0.33437651193171947,-19.772623417207978,99,-13.609612817501802
